"","STATECD","COUNTYCD","S_1_pct","S_2_pct","H_2527_pct","H_2628_pct","H_31_pct","H_32_pct","H_34_pct","H_35_pct","FIPS"
"1",1,1,0.418604651162791,0.906976744186046,0.325581395348837,0.697674418604651,0.0232558139534884,0.232558139534884,0.302325581395349,0.255813953488372,1001
"2",1,3,0.782258064516129,0.209677419354839,0.225806451612903,0.411290322580645,0,0.241935483870968,0.145161290322581,0.314516129032258,1003
"3",1,5,0.228571428571429,0.8,0.285714285714286,0.7,0.0285714285714286,0.185714285714286,0.728571428571429,0.185714285714286,1005
"4",1,7,0.215384615384615,0.892307692307692,0.461538461538462,0.815384615384615,0.0153846153846154,0.276923076923077,0.476923076923077,0.338461538461538,1007
"5",1,9,0,0.794871794871795,0.717948717948718,0.692307692307692,0,0.384615384615385,0.282051282051282,0.487179487179487,1009
"6",1,11,0,0.808510638297872,0.170212765957447,0.659574468085106,0.0212765957446809,0.191489361702128,0.638297872340426,0.170212765957447,1011
"7",1,13,0.191176470588235,0.794117647058823,0.294117647058824,0.691176470588235,0.0294117647058824,0.308823529411765,0.735294117647059,0.411764705882353,1013
"8",1,15,0.162790697674419,0.720930232558139,0.720930232558139,0.720930232558139,0.0232558139534884,0.13953488372093,0.348837209302326,0.395348837209302,1015
"9",1,17,0,0.882352941176471,0.333333333333333,0.607843137254902,0,0.156862745098039,0.647058823529412,0.137254901960784,1017
"10",1,19,0.027027027027027,0.837837837837838,0.648648648648649,0.810810810810811,0.027027027027027,0.162162162162162,0.216216216216216,0.378378378378378,1019
"11",1,21,0.310344827586207,0.896551724137931,0.568965517241379,0.724137931034483,0.0344827586206897,0.362068965517241,0.46551724137931,0.310344827586207,1021
"12",1,23,0.0804597701149425,0.827586206896552,0.471264367816092,0.770114942528736,0.0459770114942529,0.402298850574713,0.770114942528736,0.390804597701149,1023
"13",1,25,0.169230769230769,0.761538461538461,0.407692307692308,0.761538461538461,0.0538461538461538,0.276923076923077,0.669230769230769,0.392307692307692,1025
"14",1,27,0.241379310344828,0.741379310344828,0.586206896551724,0.758620689655172,0,0.327586206896552,0.396551724137931,0.413793103448276,1027
"15",1,29,0.111111111111111,0.851851851851852,0.722222222222222,0.740740740740741,0,0.277777777777778,0.314814814814815,0.388888888888889,1029
"16",1,31,0.35,0.675,0.5,0.85,0,0.175,0.6,0.325,1031
"17",1,33,0,0.585365853658537,0.878048780487805,0.634146341463415,0.146341463414634,0.219512195121951,0.341463414634146,0.341463414634146,1033
"18",1,35,0.347826086956522,0.710144927536232,0.376811594202899,0.797101449275362,0.0434782608695652,0.202898550724638,0.521739130434783,0.333333333333333,1035
"19",1,37,0.262295081967213,0.836065573770492,0.524590163934426,0.737704918032787,0,0.19672131147541,0.557377049180328,0.311475409836066,1037
"20",1,39,0.6,0.506666666666667,0.24,0.653333333333333,0.0133333333333333,0.186666666666667,0.2,0.333333333333333,1039
"21",1,41,0.266666666666667,0.777777777777778,0.422222222222222,0.688888888888889,0.111111111111111,0.377777777777778,0.644444444444444,0.422222222222222,1041
"22",1,43,0,0.844444444444444,0.6,0.577777777777778,0,0.377777777777778,0.311111111111111,0.422222222222222,1043
"23",1,45,0.142857142857143,0.666666666666667,0.357142857142857,0.785714285714286,0.0238095238095238,0.261904761904762,0.595238095238095,0.404761904761905,1045
"24",1,47,0.0172413793103448,0.793103448275862,0.310344827586207,0.775862068965517,0.0689655172413793,0.189655172413793,0.758620689655172,0.327586206896552,1047
"25",1,49,0,0.711111111111111,0.666666666666667,0.711111111111111,0,0.466666666666667,0.244444444444444,0.4,1049
"26",1,51,0.155555555555556,0.822222222222222,0.533333333333333,0.666666666666667,0.0444444444444444,0.288888888888889,0.688888888888889,0.288888888888889,1051
"27",1,53,0.825581395348837,0.197674418604651,0.22093023255814,0.593023255813954,0.0116279069767442,0.13953488372093,0.22093023255814,0.372093023255814,1053
"28",1,55,0,0.806451612903226,0.580645161290323,0.709677419354839,0,0.193548387096774,0.516129032258065,0.32258064516129,1055
"29",1,57,0,0.741379310344828,0.551724137931034,0.724137931034483,0.0172413793103448,0.362068965517241,0.517241379310345,0.431034482758621,1057
"30",1,59,0,0.716981132075472,0.735849056603774,0.754716981132076,0.0754716981132075,0.245283018867925,0.264150943396226,0.377358490566038,1059
"31",1,61,0.516129032258065,0.193548387096774,0.225806451612903,0.580645161290323,0,0.354838709677419,0.451612903225806,0.548387096774194,1061
"32",1,63,0,0.617021276595745,0.297872340425532,0.74468085106383,0,0.170212765957447,0.765957446808511,0.276595744680851,1063
"33",1,65,0.0731707317073171,0.829268292682927,0.463414634146341,0.902439024390244,0,0.341463414634146,0.853658536585366,0.439024390243902,1065
"34",1,67,0.214285714285714,0.833333333333333,0.285714285714286,0.666666666666667,0.0476190476190476,0.119047619047619,0.595238095238095,0.214285714285714,1067
"35",1,69,0.5,0.461538461538462,0.192307692307692,0.769230769230769,0.0384615384615385,0.192307692307692,0.384615384615385,0.423076923076923,1069
"36",1,71,0,0.160493827160494,0.864197530864197,0.740740740740741,0.246913580246914,0.283950617283951,0.209876543209877,0.37037037037037,1071
"37",1,73,0.113636363636364,0.875,0.602272727272727,0.590909090909091,0.0909090909090909,0.181818181818182,0.352272727272727,0.420454545454545,1073
"38",1,75,0,0.725490196078431,0.509803921568627,0.745098039215686,0,0.392156862745098,0.627450980392157,0.470588235294118,1075
"39",1,77,0,0.37037037037037,0.851851851851852,0.851851851851852,0.037037037037037,0.148148148148148,0.259259259259259,0.518518518518518,1077
"40",1,79,0,0.463414634146341,0.731707317073171,0.585365853658537,0.0975609756097561,0.268292682926829,0.341463414634146,0.390243902439024,1079
"41",1,81,0.0816326530612245,0.877551020408163,0.244897959183673,0.469387755102041,0,0.204081632653061,0.673469387755102,0.204081632653061,1081
"42",1,83,0,0.263157894736842,0.631578947368421,0.789473684210526,0.157894736842105,0.263157894736842,0.526315789473684,0.473684210526316,1083
"43",1,85,0,0.727272727272727,0.25,0.659090909090909,0.0681818181818182,0.0909090909090909,0.75,0.136363636363636,1085
"44",1,87,0.142857142857143,0.738095238095238,0.333333333333333,0.666666666666667,0,0.166666666666667,0.785714285714286,0.119047619047619,1087
"45",1,89,0,0.233333333333333,0.733333333333333,0.633333333333333,0.166666666666667,0.2,0.4,0.133333333333333,1089
"46",1,91,0.0333333333333333,0.7,0.416666666666667,0.683333333333333,0,0.4,0.816666666666667,0.233333333333333,1091
"47",1,93,0,0.698412698412698,0.761904761904762,0.777777777777778,0,0.333333333333333,0.285714285714286,0.476190476190476,1093
"48",1,95,0,0.575757575757576,0.696969696969697,0.757575757575758,0.0909090909090909,0.242424242424242,0.393939393939394,0.454545454545455,1095
"49",1,97,0.821052631578947,0.168421052631579,0.315789473684211,0.452631578947368,0,0.136842105263158,0.0631578947368421,0.378947368421053,1097
"50",1,99,0.272727272727273,0.676767676767677,0.444444444444444,0.696969696969697,0,0.323232323232323,0.636363636363636,0.424242424242424,1099
"51",1,101,0.0625,0.75,0.25,0.71875,0.03125,0.1875,0.71875,0.15625,1101
"52",1,103,0,0.647058823529412,0.647058823529412,0.617647058823529,0.0882352941176471,0.294117647058824,0.5,0.382352941176471,1103
"53",1,105,0.2,0.854545454545454,0.363636363636364,0.781818181818182,0.0181818181818182,0.272727272727273,0.690909090909091,0.309090909090909,1105
"54",1,107,0,0.8,0.475,0.7375,0,0.3,0.775,0.3625,1107
"55",1,109,0.204545454545455,0.75,0.340909090909091,0.75,0,0.295454545454545,0.681818181818182,0.409090909090909,1109
"56",1,111,0.160714285714286,0.821428571428571,0.464285714285714,0.571428571428571,0,0.285714285714286,0.464285714285714,0.142857142857143,1111
"57",1,113,0.177777777777778,0.822222222222222,0.244444444444444,0.555555555555556,0.0222222222222222,0.111111111111111,0.644444444444444,0.155555555555556,1113
"58",1,117,0.185714285714286,0.857142857142857,0.657142857142857,0.771428571428571,0,0.2,0.442857142857143,0.328571428571429,1117
"59",1,119,0,0.650793650793651,0.46031746031746,0.634920634920635,0.0317460317460317,0.238095238095238,0.650793650793651,0.158730158730159,1119
"60",1,121,0.296296296296296,0.796296296296296,0.481481481481481,0.666666666666667,0.0185185185185185,0.0925925925925926,0.388888888888889,0.314814814814815,1121
"61",1,123,0.161764705882353,0.882352941176471,0.544117647058823,0.852941176470588,0.0735294117647059,0.323529411764706,0.632352941176471,0.264705882352941,1123
"62",1,125,0.0932203389830508,0.76271186440678,0.533898305084746,0.745762711864407,0.0423728813559322,0.423728813559322,0.550847457627119,0.440677966101695,1125
"63",1,127,0.0547945205479452,0.753424657534247,0.643835616438356,0.671232876712329,0.0684931506849315,0.36986301369863,0.452054794520548,0.397260273972603,1127
"64",1,129,0.656862745098039,0.509803921568627,0.264705882352941,0.666666666666667,0,0.411764705882353,0.274509803921569,0.480392156862745,1129
"65",1,131,0.0555555555555556,0.791666666666667,0.402777777777778,0.722222222222222,0.0694444444444444,0.263888888888889,0.805555555555556,0.222222222222222,1131
"66",1,133,0,0.859649122807018,0.719298245614035,0.596491228070175,0.0526315789473684,0.43859649122807,0.192982456140351,0.368421052631579,1133
"67",12,1,0.707182320441989,0.154696132596685,0.265193370165746,0.419889502762431,0,0.110497237569061,0.154696132596685,0.25414364640884,12001
"68",12,3,0.867256637168142,0.0132743362831858,0.0176991150442478,0.079646017699115,0,0.084070796460177,0.00884955752212389,0.305309734513274,12003
"69",12,5,0.852830188679245,0.0188679245283019,0.0754716981132075,0.10188679245283,0,0.0150943396226415,0.0188679245283019,0.0716981132075472,12005
"70",12,7,0.820224719101124,0.0898876404494382,0.123595505617978,0.191011235955056,0,0.146067415730337,0.0674157303370786,0.325842696629214,12007
"71",12,9,0.442105263157895,0,0.242105263157895,0.2,0,0.157894736842105,0.0210526315789474,0.0842105263157895,12009
"72",12,13,0.735294117647059,0.137254901960784,0.142156862745098,0.205882352941176,0.00980392156862745,0.0784313725490196,0.127450980392157,0.259803921568627,12013
"73",12,15,0.8,0,0.228571428571429,0.171428571428571,0,0,0,0.0571428571428571,12015
"74",12,17,0.518134715025907,0.0414507772020725,0.430051813471503,0.248704663212435,0,0.134715025906736,0.119170984455959,0.124352331606218,12017
"75",12,19,0.689497716894977,0.0958904109589041,0.164383561643836,0.228310502283105,0.0045662100456621,0.118721461187215,0.132420091324201,0.264840182648402,12019
"76",12,21,0.408045977011494,0,0.0804597701149425,0.183908045977011,0,0.218390804597701,0,0,12021
"77",12,23,0.703252032520325,0.101626016260163,0.170731707317073,0.280487804878049,0,0.130081300813008,0.121951219512195,0.264227642276423,12023
"78",12,27,0.25531914893617,0,0.680851063829787,0.617021276595745,0,0.276595744680851,0.0425531914893617,0.234042553191489,12027
"79",12,29,0.566666666666667,0.103703703703704,0.281481481481481,0.444444444444444,0,0.251851851851852,0.281481481481481,0.285185185185185,12029
"80",12,31,0.712041884816754,0.162303664921466,0.141361256544503,0.287958115183246,0,0.198952879581152,0.178010471204188,0.267015706806283,12031
"81",12,33,0.816568047337278,0.112426035502959,0.254437869822485,0.408284023668639,0,0.165680473372781,0.118343195266272,0.27810650887574,12033
"82",12,35,0.80952380952381,0.0773809523809524,0.136904761904762,0.125,0.00595238095238095,0.154761904761905,0.0892857142857143,0.18452380952381,12035
"83",12,37,0.818652849740933,0.0259067357512953,0.0880829015544041,0.0932642487046632,0.0103626943005181,0.0621761658031088,0.0259067357512953,0.22279792746114,12037
"84",12,39,0.317880794701987,0.370860927152318,0.337748344370861,0.642384105960265,0.0728476821192053,0.28476821192053,0.503311258278146,0.33112582781457,12039
"85",12,41,0.70873786407767,0.0388349514563107,0.300970873786408,0.330097087378641,0,0.058252427184466,0.0970873786407767,0.135922330097087,12041
"86",12,43,0.566666666666667,0,0.216666666666667,0.166666666666667,0,0.0833333333333333,0,0.0833333333333333,12043
"87",12,45,0.723756906077348,0.0497237569060773,0.0441988950276243,0.143646408839779,0,0.12707182320442,0.0939226519337017,0.364640883977901,12045
"88",12,47,0.748466257668712,0.134969325153374,0.208588957055215,0.349693251533742,0,0.177914110429448,0.128834355828221,0.349693251533742,12047
"89",12,49,0.326086956521739,0,0.5,0.630434782608696,0,0.108695652173913,0.217391304347826,0.0652173913043478,12049
"90",12,51,0.533333333333333,0,0.15,0.15,0,0.166666666666667,0,0,12051
"91",12,53,0.435374149659864,0.0884353741496599,0.564625850340136,0.380952380952381,0.0136054421768707,0.156462585034014,0.312925170068027,0.0952380952380952,12053
"92",12,55,0.435483870967742,0,0.32258064516129,0.241935483870968,0,0.17741935483871,0.0161290322580645,0.258064516129032,12055
"93",12,57,0.388888888888889,0.00925925925925926,0.425925925925926,0.453703703703704,0,0.25,0.185185185185185,0.148148148148148,12057
"94",12,59,0.583333333333333,0.212121212121212,0.333333333333333,0.439393939393939,0,0.143939393939394,0.143939393939394,0.424242424242424,12059
"95",12,61,0.653846153846154,0,0.5,0.153846153846154,0,0.0769230769230769,0,0,12061
"96",12,63,0.436893203883495,0.300970873786408,0.310679611650485,0.650485436893204,0.0145631067961165,0.0922330097087379,0.286407766990291,0.368932038834951,12063
"97",12,65,0.318681318681319,0.291208791208791,0.269230769230769,0.532967032967033,0.00549450549450549,0.186813186813187,0.368131868131868,0.417582417582418,12065
"98",12,67,0.629032258064516,0.134408602150538,0.263440860215054,0.311827956989247,0,0.155913978494624,0.155913978494624,0.220430107526882,12067
"99",12,69,0.390909090909091,0.0181818181818182,0.204545454545455,0.168181818181818,0,0.209090909090909,0.0590909090909091,0.209090909090909,12069
"100",12,71,0.818181818181818,0,0.0363636363636364,0,0,0,0,0,12071
"101",12,73,0.576354679802956,0.354679802955665,0.236453201970443,0.433497536945813,0,0.0738916256157636,0.216748768472906,0.270935960591133,12073
"102",12,75,0.558641975308642,0.145061728395062,0.287037037037037,0.388888888888889,0.0216049382716049,0.197530864197531,0.237654320987654,0.132716049382716,12075
"103",12,77,0.636094674556213,0.0917159763313609,0.109467455621302,0.201183431952663,0.00591715976331361,0.0857988165680473,0.106508875739645,0.343195266272189,12077
"104",12,79,0.538071065989848,0.187817258883249,0.279187817258883,0.411167512690355,0.0203045685279188,0.065989847715736,0.192893401015228,0.32994923857868,12079
"105",12,81,0.314285714285714,0,0.742857142857143,0.628571428571429,0,0.257142857142857,0.0571428571428571,0.257142857142857,12081
"106",12,83,0.306763285024155,0.140096618357488,0.3743961352657,0.239130434782609,0.00483091787439614,0.036231884057971,0.157004830917874,0.0603864734299517,12083
"107",12,85,0.59375,0,0.21875,0.03125,0,0,0,0,12085
"108",12,89,0.733031674208145,0.18552036199095,0.144796380090498,0.330316742081448,0,0.334841628959276,0.208144796380091,0.429864253393665,12089
"109",12,91,0.785714285714286,0.111801242236025,0.34472049689441,0.27639751552795,0.0124223602484472,0.077639751552795,0.0372670807453416,0.226708074534162,12091
"110",12,93,0.3125,0,0.1875,0.34375,0,0.5,0,0.28125,12093
"111",12,95,0.447761194029851,0.0149253731343284,0.17910447761194,0.134328358208955,0.0597014925373134,0.194029850746269,0.082089552238806,0.23134328358209,12095
"112",12,97,0.414473684210526,0,0.171052631578947,0.138157894736842,0,0.25,0.0328947368421053,0.315789473684211,12097
"113",12,101,0.310924369747899,0,0.411764705882353,0.445378151260504,0,0.285714285714286,0.134453781512605,0.235294117647059,12101
"114",12,103,0.647058823529412,0,0.294117647058824,0.235294117647059,0,0.235294117647059,0,0.117647058823529,12103
"115",12,105,0.447368421052632,0,0.210526315789474,0.215789473684211,0,0.215789473684211,0.0789473684210526,0.252631578947368,12105
"116",12,107,0.635593220338983,0.0169491525423729,0.216101694915254,0.245762711864407,0,0.105932203389831,0.169491525423729,0.173728813559322,12107
"117",12,113,0.841359773371105,0.0623229461756374,0.232294617563739,0.342776203966006,0,0.127478753541076,0.0793201133144476,0.269121813031161,12113
"118",12,115,0.672727272727273,0,0.509090909090909,0.418181818181818,0,0.0363636363636364,0,0.0727272727272727,12115
"119",12,117,0.450704225352113,0.0422535211267606,0.47887323943662,0.352112676056338,0.0704225352112676,0.154929577464789,0.197183098591549,0.0845070422535211,12117
"120",12,119,0.426086956521739,0,0.347826086956522,0.304347826086957,0,0.252173913043478,0.191304347826087,0.278260869565217,12119
"121",12,121,0.627586206896552,0.151724137931034,0.36551724137931,0.475862068965517,0.0137931034482759,0.103448275862069,0.158620689655172,0.144827586206897,12121
"122",12,123,0.679144385026738,0.0561497326203209,0.227272727272727,0.336898395721925,0.0053475935828877,0.181818181818182,0.179144385026738,0.224598930481283,12123
"123",12,125,0.741573033707865,0.0449438202247191,0.0674157303370786,0.179775280898876,0,0.168539325842697,0.146067415730337,0.303370786516854,12125
"124",12,127,0.660377358490566,0.0188679245283019,0.19496855345912,0.176100628930818,0,0.10377358490566,0.0754716981132075,0.169811320754717,12127
"125",12,129,0.669767441860465,0.176744186046512,0.241860465116279,0.358139534883721,0,0.134883720930233,0.213953488372093,0.302325581395349,12129
"126",12,131,0.623229461756374,0.220963172804533,0.354107648725212,0.297450424929178,0,0.0793201133144476,0.0821529745042493,0.218130311614731,12131
"127",12,133,0.463054187192118,0.118226600985222,0.236453201970443,0.374384236453202,0.0443349753694581,0.0886699507389163,0.182266009852217,0.330049261083744,12133
"128",13,1,0.790123456790123,0.111111111111111,0.0740740740740741,0.185185185185185,0,0.345679012345679,0.0740740740740741,0.493827160493827,13001
"129",13,3,0.872727272727273,0.127272727272727,0.181818181818182,0.181818181818182,0,0.218181818181818,0.0727272727272727,0.418181818181818,13003
"130",13,5,0.869565217391304,0.173913043478261,0.0869565217391304,0.173913043478261,0,0.326086956521739,0.0434782608695652,0.41304347826087,13005
"131",13,7,0.520833333333333,0.291666666666667,0.458333333333333,0.6875,0,0.0833333333333333,0.145833333333333,0.229166666666667,13007
"132",13,9,0.205882352941176,0.852941176470588,0.176470588235294,0.411764705882353,0.0882352941176471,0.205882352941176,0.676470588235294,0.117647058823529,13009
"133",13,11,0,0.733333333333333,0.5,0.733333333333333,0,0.366666666666667,0.4,0.233333333333333,13011
"134",13,13,0,0.952380952380952,0.238095238095238,0.523809523809524,0.0476190476190476,0.19047619047619,0.523809523809524,0.0476190476190476,13013
"135",13,15,0.0714285714285714,0.880952380952381,0.547619047619048,0.69047619047619,0.0476190476190476,0.166666666666667,0.285714285714286,0.333333333333333,13015
"136",13,17,0.818181818181818,0.159090909090909,0.113636363636364,0.340909090909091,0,0.227272727272727,0.0681818181818182,0.431818181818182,13017
"137",13,19,0.746478873239437,0.253521126760563,0.0422535211267606,0.380281690140845,0.0140845070422535,0.380281690140845,0.0845070422535211,0.535211267605634,13019
"138",13,21,0.12,0.84,0.2,0.52,0,0.16,0.72,0.2,13021
"139",13,23,0.318181818181818,0.590909090909091,0.318181818181818,0.681818181818182,0.0454545454545455,0.181818181818182,0.590909090909091,0.272727272727273,13023
"140",13,25,0.790697674418605,0.197674418604651,0.13953488372093,0.267441860465116,0,0.267441860465116,0.127906976744186,0.558139534883721,13025
"141",13,27,0.456140350877193,0.350877192982456,0.350877192982456,0.631578947368421,0,0.298245614035088,0.245614035087719,0.508771929824561,13027
"142",13,29,0.619047619047619,0.369047619047619,0.226190476190476,0.535714285714286,0,0.30952380952381,0.464285714285714,0.452380952380952,13029
"143",13,31,0.622222222222222,0.344444444444444,0.233333333333333,0.511111111111111,0,0.477777777777778,0.355555555555556,0.577777777777778,13031
"144",13,33,0.30952380952381,0.55952380952381,0.285714285714286,0.654761904761905,0.0119047619047619,0.202380952380952,0.547619047619048,0.321428571428571,13033
"145",13,35,0,0.888888888888889,0.333333333333333,0.592592592592593,0.037037037037037,0.296296296296296,0.62962962962963,0.148148148148148,13035
"146",13,37,0.344827586206897,0.379310344827586,0.379310344827586,0.620689655172414,0.0344827586206897,0.206896551724138,0.482758620689655,0.344827586206897,13037
"147",13,39,0.634782608695652,0.365217391304348,0.243478260869565,0.48695652173913,0,0.373913043478261,0.443478260869565,0.434782608695652,13039
"148",13,43,0.709677419354839,0.290322580645161,0.129032258064516,0.548387096774194,0,0.483870967741935,0.225806451612903,0.516129032258065,13043
"149",13,45,0.0666666666666667,0.766666666666667,0.466666666666667,0.683333333333333,0,0.35,0.433333333333333,0.433333333333333,13045
"150",13,47,0,0.363636363636364,0.636363636363636,0.454545454545455,0.0909090909090909,0.272727272727273,0.181818181818182,0.0909090909090909,13047
"151",13,49,0.833333333333333,0.12280701754386,0.0614035087719298,0.210526315789474,0,0.140350877192982,0.043859649122807,0.333333333333333,13049
"152",13,51,0.372093023255814,0.581395348837209,0.348837209302326,0.651162790697674,0,0.395348837209302,0.651162790697674,0.558139534883721,13051
"153",13,53,0.30952380952381,0.857142857142857,0.285714285714286,0.595238095238095,0,0.119047619047619,0.476190476190476,0.380952380952381,13053
"154",13,55,0,0.75,0.6875,0.71875,0,0.34375,0.21875,0.46875,13055
"155",13,57,0,0.785714285714286,0.666666666666667,0.69047619047619,0,0.428571428571429,0.19047619047619,0.404761904761905,13057
"156",13,59,0,0.769230769230769,0.307692307692308,0.538461538461538,0,0.307692307692308,0.461538461538462,0.153846153846154,13059
"157",13,61,0.32,0.68,0.24,0.72,0,0.12,0.36,0.16,13061
"158",13,63,0,0.823529411764706,0.411764705882353,0.705882352941177,0,0.235294117647059,0.529411764705882,0.470588235294118,13063
"159",13,65,0.819767441860465,0.0348837209302326,0,0.0755813953488372,0,0.145348837209302,0.0174418604651163,0.430232558139535,13065
"160",13,67,0,0.931818181818182,0.340909090909091,0.477272727272727,0.0227272727272727,0.295454545454545,0.590909090909091,0.159090909090909,13067
"161",13,69,0.80952380952381,0.178571428571429,0.0952380952380952,0.392857142857143,0,0.345238095238095,0.0833333333333333,0.476190476190476,13069
"162",13,71,0.826086956521739,0.369565217391304,0.152173913043478,0.456521739130435,0,0.347826086956522,0.0434782608695652,0.58695652173913,13071
"163",13,73,0.0540540540540541,0.864864864864865,0.351351351351351,0.567567567567568,0.027027027027027,0.216216216216216,0.648648648648649,0.108108108108108,13073
"164",13,75,0.533333333333333,0.3,0.133333333333333,0.6,0,0.466666666666667,0.1,0.6,13075
"165",13,77,0.0178571428571429,0.821428571428571,0.357142857142857,0.607142857142857,0.0357142857142857,0.25,0.589285714285714,0.285714285714286,13077
"166",13,79,0.25531914893617,0.872340425531915,0.191489361702128,0.404255319148936,0.0425531914893617,0.191489361702128,0.425531914893617,0.170212765957447,13079
"167",13,81,0.766666666666667,0.2,0.1,0.5,0.0333333333333333,0.433333333333333,0.133333333333333,0.466666666666667,13081
"168",13,83,0,0.1875,0.75,0.625,0,0.5,0.25,0.625,13083
"169",13,85,0,0.6,0.84,0.72,0,0.56,0.04,0.4,13085
"170",13,87,0.563380281690141,0.464788732394366,0.28169014084507,0.661971830985915,0.028169014084507,0.225352112676056,0.408450704225352,0.267605633802817,13087
"171",13,89,0,0.84,0.44,0.64,0.08,0.08,0.44,0.2,13089
"172",13,91,0.816901408450704,0.28169014084507,0.154929577464789,0.563380281690141,0,0.408450704225352,0.323943661971831,0.408450704225352,13091
"173",13,93,0.606060606060606,0.333333333333333,0.0606060606060606,0.545454545454545,0,0.393939393939394,0.484848484848485,0.606060606060606,13093
"174",13,95,0.4,0.366666666666667,0.3,0.6,0,0.266666666666667,0.366666666666667,0.1,13095
"175",13,97,0.0333333333333333,0.7,0.566666666666667,0.733333333333333,0.0333333333333333,0.4,0.6,0.3,13097
"176",13,99,0.475409836065574,0.360655737704918,0.360655737704918,0.655737704918033,0.0491803278688525,0.131147540983607,0.409836065573771,0.377049180327869,13099
"177",13,101,0.795698924731183,0.0537634408602151,0.0537634408602151,0.161290322580645,0,0.172043010752688,0.0537634408602151,0.462365591397849,13101
"178",13,103,0.616279069767442,0.418604651162791,0.255813953488372,0.581395348837209,0,0.406976744186047,0.476744186046512,0.523255813953488,13103
"179",13,105,0,0.895833333333333,0.5,0.645833333333333,0.0416666666666667,0.1875,0.604166666666667,0.145833333333333,13105
"180",13,107,0.818181818181818,0.245454545454545,0.172727272727273,0.363636363636364,0,0.381818181818182,0.227272727272727,0.4,13107
"181",13,109,0.555555555555556,0.407407407407407,0.222222222222222,0.481481481481481,0,0.444444444444444,0.185185185185185,0.555555555555556,13109
"182",13,111,0,0.324324324324324,0.837837837837838,0.945945945945946,0,0.594594594594595,0,0.351351351351351,13111
"183",13,113,0,0.8125,0.3125,0.625,0,0.375,0.75,0.375,13113
"184",13,115,0.0666666666666667,0.822222222222222,0.644444444444444,0.733333333333333,0,0.2,0.2,0.333333333333333,13115
"185",13,117,0,0.76,0.56,0.64,0,0.2,0.48,0.16,13117
"186",13,119,0,0.67741935483871,0.483870967741935,0.580645161290323,0,0.161290322580645,0.419354838709677,0.32258064516129,13119
"187",13,121,0.0185185185185185,0.87037037037037,0.444444444444444,0.611111111111111,0.0555555555555556,0.277777777777778,0.666666666666667,0.259259259259259,13121
"188",13,123,0,0.384615384615385,0.711538461538462,0.769230769230769,0,0.730769230769231,0.0961538461538462,0.423076923076923,13123
"189",13,125,0.294117647058824,0.529411764705882,0.470588235294118,0.764705882352941,0,0.352941176470588,0.529411764705882,0.411764705882353,13125
"190",13,127,0.410714285714286,0.642857142857143,0.303571428571429,0.571428571428571,0,0.232142857142857,0.5,0.446428571428571,13127
"191",13,129,0,0.888888888888889,0.555555555555556,0.481481481481481,0.037037037037037,0.296296296296296,0.296296296296296,0.407407407407407,13129
"192",13,131,0.425925925925926,0.666666666666667,0.407407407407407,0.87037037037037,0.0185185185185185,0.240740740740741,0.518518518518518,0.5,13131
"193",13,133,0.0327868852459016,0.852459016393443,0.360655737704918,0.557377049180328,0.0327868852459016,0.213114754098361,0.80327868852459,0.131147540983607,13133
"194",13,135,0,0.884615384615385,0.538461538461538,0.596153846153846,0,0.269230769230769,0.596153846153846,0.211538461538462,13135
"195",13,137,0,0.821428571428571,0.821428571428571,0.821428571428571,0,0.428571428571429,0.178571428571429,0.607142857142857,13137
"196",13,139,0.0465116279069767,0.744186046511628,0.465116279069767,0.558139534883721,0,0.395348837209302,0.302325581395349,0.27906976744186,13139
"197",13,141,0.04,0.893333333333333,0.253333333333333,0.6,0.04,0.213333333333333,0.786666666666667,0.16,13141
"198",13,143,0.125,0.8,0.675,0.725,0.025,0.5,0.55,0.575,13143
"199",13,145,0.0454545454545455,0.878787878787879,0.242424242424242,0.590909090909091,0.0606060606060606,0.303030303030303,0.787878787878788,0.257575757575758,13145
"200",13,147,0,0.555555555555556,0.611111111111111,0.888888888888889,0,0.222222222222222,0.388888888888889,0.444444444444444,13147
"201",13,149,0.0681818181818182,0.795454545454545,0.431818181818182,0.568181818181818,0,0.227272727272727,0.659090909090909,0.363636363636364,13149
"202",13,151,0,0.853658536585366,0.365853658536585,0.51219512195122,0.0975609756097561,0.317073170731707,0.682926829268293,0.146341463414634,13151
"203",13,153,0.108108108108108,0.594594594594595,0.189189189189189,0.675675675675676,0.0810810810810811,0.297297297297297,0.837837837837838,0.297297297297297,13153
"204",13,155,0.733333333333333,0.155555555555556,0.111111111111111,0.311111111111111,0,0.288888888888889,0.0444444444444444,0.555555555555556,13155
"205",13,157,0,0.868421052631579,0.342105263157895,0.5,0.0263157894736842,0.236842105263158,0.657894736842105,0.105263157894737,13157
"206",13,159,0,0.854545454545454,0.345454545454545,0.690909090909091,0.0727272727272727,0.181818181818182,0.672727272727273,0.181818181818182,13159
"207",13,161,0.764705882352941,0.215686274509804,0.235294117647059,0.313725490196078,0,0.235294117647059,0.156862745098039,0.470588235294118,13161
"208",13,163,0.203703703703704,0.518518518518518,0.277777777777778,0.648148148148148,0,0.314814814814815,0.574074074074074,0.333333333333333,13163
"209",13,165,0.529411764705882,0.392156862745098,0.254901960784314,0.529411764705882,0,0.529411764705882,0.549019607843137,0.450980392156863,13165
"210",13,167,0.463414634146341,0.585365853658537,0.219512195121951,0.585365853658537,0,0.463414634146341,0.51219512195122,0.463414634146341,13167
"211",13,169,0.0158730158730159,0.952380952380952,0.285714285714286,0.412698412698413,0.0634920634920635,0.111111111111111,0.666666666666667,0.0952380952380952,13169
"212",13,171,0,0.76,0.32,0.6,0,0.36,0.6,0.2,13171
"213",13,173,0.787878787878788,0.303030303030303,0.151515151515152,0.272727272727273,0,0.333333333333333,0.0909090909090909,0.545454545454545,13173
"214",13,175,0.598214285714286,0.419642857142857,0.241071428571429,0.571428571428571,0,0.392857142857143,0.517857142857143,0.428571428571429,13175
"215",13,177,0.366666666666667,0.433333333333333,0.5,0.866666666666667,0.133333333333333,0.233333333333333,0.4,0.366666666666667,13177
"216",13,179,0.565217391304348,0.358695652173913,0.25,0.58695652173913,0,0.293478260869565,0.467391304347826,0.402173913043478,13179
"217",13,181,0.0645161290322581,0.870967741935484,0.548387096774194,0.645161290322581,0,0.354838709677419,0.580645161290323,0.258064516129032,13181
"218",13,183,0.659090909090909,0.238636363636364,0.238636363636364,0.465909090909091,0,0.420454545454545,0.295454545454545,0.477272727272727,13183
"219",13,185,0.578947368421053,0.276315789473684,0.171052631578947,0.552631578947368,0,0.342105263157895,0.157894736842105,0.473684210526316,13185
"220",13,187,0,0.526315789473684,0.815789473684211,0.684210526315789,0,0.578947368421053,0.105263157894737,0.447368421052632,13187
"221",13,189,0.171428571428571,0.857142857142857,0.314285714285714,0.485714285714286,0,0.142857142857143,0.6,0.228571428571429,13189
"222",13,191,0.645569620253165,0.354430379746835,0.240506329113924,0.455696202531646,0,0.316455696202532,0.392405063291139,0.506329113924051,13191
"223",13,193,0.244444444444444,0.422222222222222,0.377777777777778,0.688888888888889,0,0.266666666666667,0.466666666666667,0.422222222222222,13193
"224",13,195,0,0.903225806451613,0.483870967741935,0.645161290322581,0,0.258064516129032,0.67741935483871,0.32258064516129,13195
"225",13,197,0.304347826086957,0.543478260869565,0.347826086956522,0.478260869565217,0.0217391304347826,0.130434782608696,0.369565217391304,0.152173913043478,13197
"226",13,199,0.0769230769230769,0.846153846153846,0.323076923076923,0.630769230769231,0,0.246153846153846,0.615384615384615,0.246153846153846,13199
"227",13,201,0.461538461538462,0.269230769230769,0.5,0.615384615384615,0.0384615384615385,0.192307692307692,0.230769230769231,0.423076923076923,13201
"228",13,205,0.684210526315789,0.263157894736842,0.210526315789474,0.578947368421053,0,0.184210526315789,0.105263157894737,0.210526315789474,13205
"229",13,207,0.0338983050847458,0.864406779661017,0.389830508474576,0.661016949152542,0.0677966101694915,0.322033898305085,0.830508474576271,0.169491525423729,13207
"230",13,209,0.666666666666667,0.333333333333333,0.307692307692308,0.461538461538462,0,0.256410256410256,0.435897435897436,0.256410256410256,13209
"231",13,211,0,0.842105263157895,0.289473684210526,0.578947368421053,0.0526315789473684,0.157894736842105,0.894736842105263,0.263157894736842,13211
"232",13,213,0,0.666666666666667,0.696969696969697,0.575757575757576,0.181818181818182,0.484848484848485,0.424242424242424,0.212121212121212,13213
"233",13,215,0.103448275862069,0.896551724137931,0.241379310344828,0.620689655172414,0.0689655172413793,0.275862068965517,0.689655172413793,0.206896551724138,13215
"234",13,217,0,0.870967741935484,0.451612903225806,0.548387096774194,0.0967741935483871,0.193548387096774,0.451612903225806,0.354838709677419,13217
"235",13,219,0,0.857142857142857,0.571428571428571,0.666666666666667,0,0.285714285714286,0.476190476190476,0.19047619047619,13219
"236",13,221,0.032258064516129,0.790322580645161,0.32258064516129,0.564516129032258,0.0161290322580645,0.193548387096774,0.612903225806452,0.0483870967741935,13221
"237",13,223,0.0731707317073171,0.829268292682927,0.585365853658537,0.682926829268293,0,0.341463414634146,0.268292682926829,0.51219512195122,13223
"238",13,225,0.272727272727273,0.636363636363636,0.181818181818182,0.727272727272727,0,0.0909090909090909,0.363636363636364,0.545454545454545,13225
"239",13,227,0,0.703703703703704,0.555555555555556,0.555555555555556,0,0.518518518518518,0.185185185185185,0.185185185185185,13227
"240",13,229,0.701754385964912,0.228070175438596,0.105263157894737,0.280701754385965,0,0.350877192982456,0.087719298245614,0.491228070175439,13229
"241",13,231,0.0625,0.78125,0.3125,0.65625,0.03125,0.375,0.65625,0.28125,13231
"242",13,233,0.170731707317073,0.804878048780488,0.560975609756098,0.731707317073171,0,0.24390243902439,0.0975609756097561,0.365853658536585,13233
"243",13,235,0.423076923076923,0.307692307692308,0.307692307692308,0.769230769230769,0.153846153846154,0.346153846153846,0.576923076923077,0.346153846153846,13235
"244",13,237,0,0.916666666666667,0.375,0.6875,0.0833333333333333,0.104166666666667,0.791666666666667,0.104166666666667,13237
"245",13,239,0.2,0.92,0.24,0.84,0.04,0.24,0.68,0.16,13239
"246",13,241,0,0.340425531914894,0.787234042553192,0.765957446808511,0.0425531914893617,0.702127659574468,0.0212765957446809,0.425531914893617,13241
"247",13,243,0.212765957446809,0.702127659574468,0.297872340425532,0.680851063829787,0.0212765957446809,0.191489361702128,0.361702127659574,0.361702127659574,13243
"248",13,245,0.375,0.5,0.2,0.5,0.025,0.25,0.175,0.325,13245
"249",13,247,0,0.857142857142857,0.285714285714286,0.571428571428571,0.0714285714285714,0.214285714285714,0.571428571428571,0.142857142857143,13247
"250",13,249,0.15,0.9,0.3,0.8,0.05,0.1,0.6,0.45,13249
"251",13,251,0.477777777777778,0.422222222222222,0.2,0.622222222222222,0,0.488888888888889,0.455555555555556,0.488888888888889,13251
"252",13,253,0.4,0.15,0.25,0.5,0,0.1,0.45,0.2,13253
"253",13,255,0,0.904761904761905,0.238095238095238,0.666666666666667,0.0952380952380952,0.333333333333333,0.857142857142857,0.238095238095238,13255
"254",13,257,0,0.75,0.5625,0.625,0,0.25,0.125,0.25,13257
"255",13,259,0.159420289855072,0.855072463768116,0.260869565217391,0.768115942028985,0.0869565217391304,0.144927536231884,0.666666666666667,0.231884057971014,13259
"256",13,261,0.363636363636364,0.454545454545455,0.340909090909091,0.659090909090909,0,0.295454545454545,0.318181818181818,0.386363636363636,13261
"257",13,263,0.0677966101694915,0.847457627118644,0.406779661016949,0.559322033898305,0.0508474576271186,0.288135593220339,0.610169491525424,0.254237288135593,13263
"258",13,265,0,0.96875,0.375,0.53125,0.03125,0.25,0.84375,0.34375,13265
"259",13,267,0.676056338028169,0.225352112676056,0.197183098591549,0.450704225352113,0,0.408450704225352,0.211267605633803,0.436619718309859,13267
"260",13,269,0.55,0.5,0.333333333333333,0.45,0.0333333333333333,0.2,0.333333333333333,0.216666666666667,13269
"261",13,271,0.671641791044776,0.253731343283582,0.149253731343284,0.462686567164179,0,0.447761194029851,0.283582089552239,0.552238805970149,13271
"262",13,273,0.192307692307692,0.5,0.192307692307692,0.576923076923077,0,0.423076923076923,0.307692307692308,0.538461538461538,13273
"263",13,275,0.536231884057971,0.594202898550725,0.27536231884058,0.63768115942029,0,0.246376811594203,0.304347826086957,0.391304347826087,13275
"264",13,277,0.807692307692308,0.153846153846154,0.115384615384615,0.538461538461538,0,0.576923076923077,0.0384615384615385,0.653846153846154,13277
"265",13,279,0.823529411764706,0.215686274509804,0.196078431372549,0.431372549019608,0.0196078431372549,0.392156862745098,0.156862745098039,0.352941176470588,13279
"266",13,281,0.0476190476190476,0.0952380952380952,0.714285714285714,0.714285714285714,0.0476190476190476,0.761904761904762,0,0.380952380952381,13281
"267",13,283,0.903225806451613,0.258064516129032,0.129032258064516,0.451612903225806,0,0.483870967741935,0.225806451612903,0.32258064516129,13283
"268",13,285,0,0.821428571428571,0.339285714285714,0.678571428571429,0.0535714285714286,0.232142857142857,0.678571428571429,0.196428571428571,13285
"269",13,287,0.833333333333333,0.0333333333333333,0.0333333333333333,0.3,0,0.366666666666667,0.0666666666666667,0.533333333333333,13287
"270",13,289,0.0961538461538462,0.730769230769231,0.269230769230769,0.769230769230769,0.0576923076923077,0.230769230769231,0.769230769230769,0.326923076923077,13289
"271",13,291,0,0.323529411764706,0.794117647058823,0.882352941176471,0,0.705882352941177,0.0294117647058824,0.411764705882353,13291
"272",13,293,0.0851063829787234,0.787234042553192,0.446808510638298,0.723404255319149,0,0.191489361702128,0.574468085106383,0.191489361702128,13293
"273",13,295,0,0.51219512195122,0.731707317073171,0.707317073170732,0.0975609756097561,0.585365853658537,0.0975609756097561,0.414634146341463,13295
"274",13,297,0,0.805555555555556,0.333333333333333,0.583333333333333,0,0.305555555555556,0.583333333333333,0.194444444444444,13297
"275",13,299,0.89051094890511,0.0802919708029197,0.0437956204379562,0.138686131386861,0,0.167883211678832,0.0364963503649635,0.372262773722628,13299
"276",13,301,0.108108108108108,0.837837837837838,0.297297297297297,0.783783783783784,0,0.324324324324324,0.891891891891892,0.189189189189189,13301
"277",13,303,0.182926829268293,0.804878048780488,0.378048780487805,0.731707317073171,0.0609756097560976,0.329268292682927,0.707317073170732,0.219512195121951,13303
"278",13,305,0.75,0.193548387096774,0.0887096774193548,0.201612903225806,0,0.258064516129032,0.0806451612903226,0.467741935483871,13305
"279",13,307,0.333333333333333,0.583333333333333,0.375,0.75,0,0.166666666666667,0.458333333333333,0.375,13307
"280",13,309,0.685185185185185,0.277777777777778,0.166666666666667,0.37037037037037,0,0.388888888888889,0.185185185185185,0.407407407407407,13309
"281",13,311,0,0.379310344827586,0.758620689655172,0.758620689655172,0,0.586206896551724,0.137931034482759,0.482758620689655,13311
"282",13,313,0,0.777777777777778,0.481481481481481,0.592592592592593,0.111111111111111,0.296296296296296,0.407407407407407,0.296296296296296,13313
"283",13,315,0.803571428571429,0.232142857142857,0.125,0.410714285714286,0,0.357142857142857,0.178571428571429,0.464285714285714,13315
"284",13,317,0.0153846153846154,0.892307692307692,0.353846153846154,0.553846153846154,0.0307692307692308,0.261538461538462,0.769230769230769,0.153846153846154,13317
"285",13,319,0.0757575757575758,0.696969696969697,0.257575757575758,0.803030303030303,0.0151515151515152,0.257575757575758,0.742424242424242,0.303030303030303,13319
"286",13,321,0.735294117647059,0.205882352941176,0.0147058823529412,0.426470588235294,0.0294117647058824,0.338235294117647,0.0588235294117647,0.470588235294118,13321
"287",28,1,0,0.461538461538462,0.282051282051282,0.794871794871795,0.0128205128205128,0.0384615384615385,0.666666666666667,0.128205128205128,28001
"288",28,3,0,0.723076923076923,0.8,0.907692307692308,0.0615384615384615,0.276923076923077,0.507692307692308,0.446153846153846,28003
"289",28,5,0.10655737704918,0.950819672131147,0.557377049180328,0.737704918032787,0.0163934426229508,0.319672131147541,0.778688524590164,0.524590163934426,28005
"290",28,7,0,0.815126050420168,0.554621848739496,0.831932773109244,0,0.571428571428571,0.907563025210084,0.495798319327731,28007
"291",28,9,0,0.709090909090909,0.854545454545454,0.909090909090909,0,0.436363636363636,0.545454545454545,0.472727272727273,28009
"292",28,11,0,0,0.289473684210526,0.5,0,0.315789473684211,0.394736842105263,0,28011
"293",28,13,0,0.951612903225806,0.612903225806452,0.854838709677419,0,0.403225806451613,0.645161290322581,0.483870967741935,28013
"294",28,15,0,0.692307692307692,0.653846153846154,0.935897435897436,0.0384615384615385,0.230769230769231,0.871794871794872,0.320512820512821,28015
"295",28,17,0,0.75,0.6875,0.9375,0,0.104166666666667,0.833333333333333,0.3125,28017
"296",28,19,0,0.925925925925926,0.62962962962963,0.839506172839506,0,0.518518518518518,0.91358024691358,0.432098765432099,28019
"297",28,21,0,0.430555555555556,0.416666666666667,0.875,0.0555555555555556,0.0972222222222222,0.777777777777778,0.0416666666666667,28021
"298",28,23,0.122950819672131,0.885245901639344,0.655737704918033,0.918032786885246,0.00819672131147541,0.5,0.819672131147541,0.459016393442623,28023
"299",28,25,0.027027027027027,0.405405405405405,0.675675675675676,0.837837837837838,0.027027027027027,0.27027027027027,0.702702702702703,0.27027027027027,28025
"300",28,27,0,0,0.285714285714286,0.357142857142857,0,0.535714285714286,0.214285714285714,0,28027
"301",28,29,0.0422535211267606,0.816901408450704,0.528169014084507,0.852112676056338,0,0.28169014084507,0.845070422535211,0.436619718309859,28029
"302",28,31,0.224489795918367,0.857142857142857,0.73469387755102,0.959183673469388,0,0.448979591836735,0.673469387755102,0.73469387755102,28031
"303",28,33,0,0.2,0.733333333333333,0.733333333333333,0,0.266666666666667,0.6,0.266666666666667,28033
"304",28,35,0.75,0.684782608695652,0.41304347826087,0.75,0,0.369565217391304,0.456521739130435,0.489130434782609,28035
"305",28,37,0.0194174757281553,0.951456310679612,0.650485436893204,0.864077669902913,0.029126213592233,0.339805825242718,0.844660194174757,0.456310679611651,28037
"306",28,39,0.766233766233766,0.584415584415584,0.376623376623377,0.792207792207792,0,0.298701298701299,0.298701298701299,0.467532467532468,28039
"307",28,41,0.58125,0.74375,0.5125,0.86875,0,0.43125,0.33125,0.64375,28041
"308",28,43,0,0.717391304347826,0.565217391304348,0.739130434782609,0,0.326086956521739,0.760869565217391,0.347826086956522,28043
"309",28,45,0.780821917808219,0.493150684931507,0.0958904109589041,0.342465753424658,0,0.287671232876712,0.0958904109589041,0.465753424657534,28045
"310",28,47,0.893805309734513,0.327433628318584,0.132743362831858,0.415929203539823,0,0.336283185840708,0.150442477876106,0.539823008849557,28047
"311",28,49,0,0.666666666666667,0.53030303030303,0.954545454545455,0,0.136363636363636,0.878787878787879,0.166666666666667,28049
"312",28,51,0,0.555555555555556,0.654320987654321,0.901234567901235,0.0740740740740741,0.160493827160494,0.814814814814815,0.246913580246914,28051
"313",28,53,0,0,0.833333333333333,0.888888888888889,0,0.111111111111111,0.444444444444444,0.111111111111111,28053
"314",28,55,0,0,0.463414634146341,0.707317073170732,0,0,0.390243902439024,0,28055
"315",28,57,0,0.736842105263158,0.684210526315789,0.873684210526316,0,0.505263157894737,0.757894736842105,0.515789473684211,28057
"316",28,59,0.785123966942149,0.305785123966942,0.181818181818182,0.347107438016529,0,0.338842975206612,0.198347107438017,0.56198347107438,28059
"317",28,61,0.0431034482758621,0.844827586206897,0.577586206896552,0.853448275862069,0,0.353448275862069,0.896551724137931,0.543103448275862,28061
"318",28,63,0,0.693181818181818,0.272727272727273,0.840909090909091,0.0113636363636364,0.102272727272727,0.795454545454545,0.159090909090909,28063
"319",28,65,0.178571428571429,0.892857142857143,0.517857142857143,0.75,0,0.178571428571429,0.535714285714286,0.571428571428571,28065
"320",28,67,0.469387755102041,0.795918367346939,0.653061224489796,0.897959183673469,0,0.428571428571429,0.683673469387755,0.612244897959184,28067
"321",28,69,0.0075187969924812,0.924812030075188,0.593984962406015,0.842105263157895,0.0075187969924812,0.428571428571429,0.81203007518797,0.473684210526316,28069
"322",28,71,0,0.808080808080808,0.707070707070707,0.878787878787879,0.0101010101010101,0.313131313131313,0.686868686868687,0.363636363636364,28071
"323",28,73,0.740740740740741,0.617283950617284,0.395061728395062,0.753086419753086,0,0.382716049382716,0.382716049382716,0.518518518518518,28073
"324",28,75,0.1171875,0.9140625,0.640625,0.7890625,0,0.578125,0.84375,0.6640625,28075
"325",28,77,0.185714285714286,0.871428571428571,0.614285714285714,0.942857142857143,0,0.271428571428571,0.757142857142857,0.428571428571429,28077
"326",28,79,0,0.877551020408163,0.63265306122449,0.836734693877551,0.0102040816326531,0.469387755102041,0.755102040816326,0.551020408163265,28079
"327",28,81,0,0.518518518518518,0.518518518518518,0.740740740740741,0,0.333333333333333,0.518518518518518,0.296296296296296,28081
"328",28,83,0,0,0.916666666666667,1,0,0.0833333333333333,0.833333333333333,0.0833333333333333,28083
"329",28,85,0.0941176470588235,0.905882352941176,0.529411764705882,0.776470588235294,0.0117647058823529,0.282352941176471,0.776470588235294,0.541176470588235,28085
"330",28,87,0,0.66,0.66,0.76,0,0.44,0.72,0.48,28087
"331",28,89,0.0416666666666667,0.611111111111111,0.444444444444444,0.805555555555556,0,0.222222222222222,0.791666666666667,0.319444444444444,28089
"332",28,91,0.311688311688312,0.818181818181818,0.701298701298701,0.935064935064935,0,0.285714285714286,0.688311688311688,0.571428571428571,28091
"333",28,93,0,0.48,0.6,0.786666666666667,0,0.4,0.546666666666667,0.32,28093
"334",28,95,0,0.662790697674419,0.720930232558139,0.906976744186046,0.0232558139534884,0.569767441860465,0.779069767441861,0.523255813953488,28095
"335",28,97,0,0.9,0.816666666666667,0.916666666666667,0.0166666666666667,0.35,0.883333333333333,0.516666666666667,28097
"336",28,99,0,0.806451612903226,0.602150537634409,0.827956989247312,0,0.602150537634409,0.89247311827957,0.559139784946237,28099
"337",28,101,0.117647058823529,0.843137254901961,0.549019607843137,0.735294117647059,0.0196078431372549,0.46078431372549,0.862745098039216,0.46078431372549,28101
"338",28,103,0.0253164556962025,0.734177215189873,0.670886075949367,0.873417721518987,0,0.30379746835443,0.632911392405063,0.341772151898734,28103
"339",28,105,0.025974025974026,0.662337662337662,0.701298701298701,0.818181818181818,0.025974025974026,0.298701298701299,0.753246753246753,0.311688311688312,28105
"340",28,107,0,0.260869565217391,0.695652173913043,0.934782608695652,0,0.195652173913043,0.847826086956522,0.195652173913043,28107
"341",28,109,0.658119658119658,0.547008547008547,0.230769230769231,0.641025641025641,0,0.393162393162393,0.282051282051282,0.598290598290598,28109
"342",28,111,0.742424242424242,0.712121212121212,0.53030303030303,0.772727272727273,0,0.325757575757576,0.431818181818182,0.537878787878788,28111
"343",28,113,0.155555555555556,0.844444444444444,0.488888888888889,0.866666666666667,0,0.133333333333333,0.733333333333333,0.488888888888889,28113
"344",28,115,0,0.803921568627451,0.686274509803922,0.862745098039216,0.0196078431372549,0.235294117647059,0.686274509803922,0.235294117647059,28115
"345",28,117,0.0344827586206897,0.793103448275862,0.655172413793103,0.793103448275862,0,0.327586206896552,0.637931034482759,0.517241379310345,28117
"346",28,119,0,0,0.583333333333333,0.833333333333333,0,0.416666666666667,0.333333333333333,0.25,28119
"347",28,121,0.0695652173913043,0.852173913043478,0.634782608695652,0.904347826086957,0.00869565217391304,0.373913043478261,0.826086956521739,0.469565217391304,28121
"348",28,123,0.0666666666666667,0.844444444444444,0.733333333333333,0.855555555555556,0,0.388888888888889,0.677777777777778,0.388888888888889,28123
"349",28,125,0,0,0.941176470588235,0.882352941176471,0,0.117647058823529,0.352941176470588,0.0588235294117647,28125
"350",28,127,0.155844155844156,0.909090909090909,0.649350649350649,0.883116883116883,0,0.493506493506494,0.714285714285714,0.623376623376623,28127
"351",28,129,0.145631067961165,0.941747572815534,0.747572815533981,0.815533980582524,0,0.475728155339806,0.699029126213592,0.611650485436893,28129
"352",28,131,0.854545454545454,0.527272727272727,0.336363636363636,0.609090909090909,0,0.327272727272727,0.236363636363636,0.672727272727273,28131
"353",28,133,0,0,0.5,0.666666666666667,0,0.166666666666667,0,0,28133
"354",28,135,0,0.235294117647059,0.882352941176471,0.823529411764706,0.0882352941176471,0.176470588235294,0.647058823529412,0.411764705882353,28135
"355",28,137,0,0.137931034482759,0.379310344827586,0.758620689655172,0,0.0344827586206897,0.689655172413793,0.137931034482759,28137
"356",28,139,0,0.865671641791045,0.671641791044776,0.805970149253731,0.0149253731343284,0.343283582089552,0.567164179104478,0.462686567164179,28139
"357",28,141,0.03125,0.921875,0.75,0.84375,0,0.390625,0.609375,0.53125,28141
"358",28,143,0,0,0.28,0.28,0,0.28,0.16,0.04,28143
"359",28,145,0,0.769230769230769,0.538461538461538,0.730769230769231,0.0384615384615385,0.423076923076923,0.692307692307692,0.615384615384615,28145
"360",28,147,0.333333333333333,0.794871794871795,0.461538461538462,0.717948717948718,0,0.461538461538462,0.538461538461538,0.487179487179487,28147
"361",28,149,0,0.0930232558139535,0.511627906976744,0.802325581395349,0.197674418604651,0.13953488372093,0.627906976744186,0.104651162790698,28149
"362",28,151,0,0,0.238095238095238,0.571428571428571,0,0,0.428571428571429,0,28151
"363",28,153,0.484076433121019,0.878980891719745,0.515923566878981,0.878980891719745,0.0127388535031847,0.477707006369427,0.605095541401274,0.624203821656051,28153
"364",28,155,0,0.92156862745098,0.764705882352941,0.803921568627451,0,0.294117647058824,0.862745098039216,0.450980392156863,28155
"365",28,157,0.03125,0.697916666666667,0.59375,0.854166666666667,0.0625,0.239583333333333,0.770833333333333,0.395833333333333,28157
"366",28,159,0.0515463917525773,0.876288659793814,0.742268041237113,0.855670103092783,0,0.391752577319588,0.711340206185567,0.474226804123711,28159
"367",28,161,0,0.814814814814815,0.827160493827161,0.962962962962963,0,0.271604938271605,0.753086419753086,0.419753086419753,28161
"368",28,163,0,0.0506329113924051,0.607594936708861,0.873417721518987,0.189873417721519,0.189873417721519,0.784810126582278,0.10126582278481,28163
"369",37,1,0,0.41025641025641,0.435897435897436,0.717948717948718,0.102564102564103,0.538461538461538,0.487179487179487,0.384615384615385,37001
"370",37,3,0,0.290322580645161,0.580645161290323,0.612903225806452,0,0.483870967741935,0.032258064516129,0.483870967741935,37003
"371",37,5,0,0,0.368421052631579,0.578947368421053,0,0.789473684210526,0,0.263157894736842,37005
"372",37,7,0.0147058823529412,0.867647058823529,0.441176470588235,0.529411764705882,0.0147058823529412,0.588235294117647,0.661764705882353,0.308823529411765,37007
"373",37,9,0,0,0.447368421052632,0.815789473684211,0.368421052631579,0.868421052631579,0,0.210526315789474,37009
"374",37,11,0,0,0.576923076923077,0.576923076923077,0.192307692307692,0.576923076923077,0,0.230769230769231,37011
"375",37,13,0.024,0.792,0.312,0.416,0,0.824,0.696,0.648,37013
"376",37,15,0,0.693548387096774,0.491935483870968,0.620967741935484,0,0.870967741935484,0.887096774193548,0.661290322580645,37015
"377",37,17,0.238461538461538,0.492307692307692,0.215384615384615,0.415384615384615,0,0.561538461538462,0.338461538461538,0.469230769230769,37017
"378",37,19,0.34375,0.5546875,0.171875,0.3046875,0,0.4140625,0.359375,0.4609375,37019
"379",37,21,0,0.0833333333333333,0.633333333333333,0.733333333333333,0.0333333333333333,0.416666666666667,0,0.2,37021
"380",37,23,0,0.173913043478261,0.608695652173913,0.58695652173913,0,0.673913043478261,0.108695652173913,0.434782608695652,37023
"381",37,25,0,0.6875,0.5,0.59375,0.09375,0.46875,0.4375,0.1875,37025
"382",37,27,0,0.102040816326531,0.714285714285714,0.775510204081633,0.0204081632653061,0.755102040816326,0,0.346938775510204,37027
"383",37,29,0,0.483870967741935,0.129032258064516,0.354838709677419,0,0.935483870967742,0.580645161290323,0.67741935483871,37029
"384",37,31,0.108433734939759,0.36144578313253,0.0843373493975904,0.156626506024096,0,0.530120481927711,0.44578313253012,0.421686746987952,37031
"385",37,33,0,0.545454545454545,0.490909090909091,0.563636363636364,0,0.727272727272727,0.509090909090909,0.345454545454545,37033
"386",37,35,0,0.4375,0.4375,0.46875,0,0.4375,0.125,0.09375,37035
"387",37,37,0,0.752941176470588,0.541176470588235,0.635294117647059,0.0235294117647059,0.682352941176471,0.647058823529412,0.364705882352941,37037
"388",37,39,0,0.333333333333333,0.92156862745098,0.882352941176471,0.0196078431372549,0.686274509803922,0,0.372549019607843,37039
"389",37,41,0,0.826086956521739,0.521739130434783,0.695652173913043,0,0.869565217391304,0.91304347826087,0.565217391304348,37041
"390",37,43,0,0.346153846153846,0.692307692307692,0.769230769230769,0.0769230769230769,0.538461538461538,0,0.346153846153846,37043
"391",37,45,0,0.6,0.625,0.725,0,0.4,0.225,0.375,37045
"392",37,47,0.155737704918033,0.639344262295082,0.30327868852459,0.491803278688525,0.00819672131147541,0.647540983606557,0.540983606557377,0.688524590163934,37047
"393",37,49,0.0983606557377049,0.614754098360656,0.204918032786885,0.344262295081967,0,0.655737704918033,0.581967213114754,0.540983606557377,37049
"394",37,51,0.2,0.6,0.314285714285714,0.6,0,0.528571428571429,0.4,0.428571428571429,37051
"395",37,53,0,0.535714285714286,0.214285714285714,0.321428571428571,0,0.892857142857143,0.642857142857143,0.607142857142857,37053
"396",37,55,0,0.288135593220339,0.0508474576271186,0.0338983050847458,0,0.542372881355932,0.355932203389831,0.576271186440678,37055
"397",37,57,0,0.508771929824561,0.526315789473684,0.508771929824561,0.105263157894737,0.596491228070175,0.614035087719298,0.280701754385965,37057
"398",37,59,0,0.533333333333333,0.466666666666667,0.566666666666667,0,0.433333333333333,0.566666666666667,0.166666666666667,37059
"399",37,61,0.0520833333333333,0.697916666666667,0.34375,0.770833333333333,0,0.635416666666667,0.697916666666667,0.6875,37061
"400",37,63,0,0.75,0.40625,0.71875,0,0.71875,0.78125,0.25,37063
"401",37,65,0.0166666666666667,0.716666666666667,0.5,0.733333333333333,0.0166666666666667,0.683333333333333,0.916666666666667,0.516666666666667,37065
"402",37,67,0,0.315789473684211,0.526315789473684,0.447368421052632,0,0.710526315789474,0.394736842105263,0.289473684210526,37067
"403",37,69,0,0.754716981132076,0.547169811320755,0.566037735849057,0,0.452830188679245,0.811320754716981,0.320754716981132,37069
"404",37,71,0,0.621621621621622,0.324324324324324,0.486486486486487,0,0.513513513513513,0.513513513513513,0.243243243243243,37071
"405",37,73,0.0175438596491228,0.649122807017544,0.298245614035088,0.543859649122807,0,0.894736842105263,0.631578947368421,0.649122807017544,37073
"406",37,75,0,0.131578947368421,0.552631578947368,0.631578947368421,0.131578947368421,0.763157894736842,0.0263157894736842,0.236842105263158,37075
"407",37,77,0,0.651515151515151,0.515151515151515,0.606060606060606,0.0454545454545455,0.681818181818182,0.848484848484849,0.136363636363636,37077
"408",37,79,0.08,0.6,0.32,0.68,0,0.68,0.68,0.64,37079
"409",37,81,0,0.387096774193548,0.403225806451613,0.548387096774194,0.145161290322581,0.532258064516129,0.596774193548387,0.241935483870968,37081
"410",37,83,0,0.673076923076923,0.596153846153846,0.75,0,0.615384615384615,0.913461538461538,0.384615384615385,37083
"411",37,85,0.217391304347826,0.63768115942029,0.579710144927536,0.739130434782609,0,0.333333333333333,0.434782608695652,0.463768115942029,37085
"412",37,87,0,0,0.675675675675676,0.810810810810811,0.135135135135135,0.567567567567568,0,0.27027027027027,37087
"413",37,89,0,0.121212121212121,0.696969696969697,0.787878787878788,0.121212121212121,0.606060606060606,0,0.636363636363636,37089
"414",37,91,0.0192307692307692,0.730769230769231,0.557692307692308,0.730769230769231,0,0.807692307692308,0.865384615384615,0.634615384615385,37091
"415",37,93,0.530612244897959,0.591836734693878,0.285714285714286,0.510204081632653,0,0.306122448979592,0.346938775510204,0.224489795918367,37093
"416",37,95,0,0.363636363636364,0.0227272727272727,0.0795454545454545,0,0.522727272727273,0.5,0.375,37095
"417",37,97,0,0.431818181818182,0.454545454545455,0.522727272727273,0,0.363636363636364,0.159090909090909,0.318181818181818,37097
"418",37,99,0,0.0188679245283019,0.716981132075472,0.811320754716981,0.0188679245283019,0.679245283018868,0,0.320754716981132,37099
"419",37,101,0.0526315789473684,0.75,0.565789473684211,0.763157894736842,0.0394736842105263,0.526315789473684,0.763157894736842,0.513157894736842,37101
"420",37,103,0.0666666666666667,0.64,0.24,0.386666666666667,0,0.573333333333333,0.653333333333333,0.466666666666667,37103
"421",37,105,0,0.939393939393939,0.666666666666667,0.787878787878788,0,0.696969696969697,0.666666666666667,0.393939393939394,37105
"422",37,107,0.05,0.575,0.35,0.55,0,0.6,0.65,0.5,37107
"423",37,109,0,0.548387096774194,0.32258064516129,0.548387096774194,0,0.516129032258065,0.354838709677419,0.290322580645161,37109
"424",37,111,0,0.326923076923077,0.846153846153846,0.865384615384615,0,0.826923076923077,0,0.519230769230769,37111
"425",37,113,0,0.0555555555555556,0.777777777777778,0.87037037037037,0.0555555555555556,0.611111111111111,0,0.333333333333333,37113
"426",37,115,0,0.0833333333333333,0.583333333333333,0.5625,0.125,0.75,0,0.229166666666667,37115
"427",37,117,0.0147058823529412,0.602941176470588,0.352941176470588,0.588235294117647,0,0.735294117647059,0.720588235294118,0.808823529411765,37117
"428",37,119,0,0.711111111111111,0.355555555555556,0.422222222222222,0.0888888888888889,0.177777777777778,0.555555555555556,0.222222222222222,37119
"429",37,121,0,0,0.458333333333333,0.541666666666667,0.333333333333333,0.583333333333333,0,0.0416666666666667,37121
"430",37,123,0.0595238095238095,0.738095238095238,0.75,0.654761904761905,0.0357142857142857,0.75,0.5,0.345238095238095,37123
"431",37,125,0.277777777777778,0.611111111111111,0.518518518518518,0.62962962962963,0,0.5,0.37037037037037,0.296296296296296,37125
"432",37,127,0.0151515151515152,0.772727272727273,0.621212121212121,0.651515151515151,0,0.712121212121212,0.833333333333333,0.515151515151515,37127
"433",37,129,0.333333333333333,0.285714285714286,0.0952380952380952,0.19047619047619,0,0.333333333333333,0.333333333333333,0.19047619047619,37129
"434",37,131,0.0120481927710843,0.710843373493976,0.518072289156627,0.686746987951807,0,0.686746987951807,0.819277108433735,0.44578313253012,37131
"435",37,133,0.166666666666667,0.5,0.215686274509804,0.323529411764706,0,0.558823529411765,0.42156862745098,0.509803921568627,37133
"436",37,135,0,0.711111111111111,0.555555555555556,0.622222222222222,0.0222222222222222,0.755555555555556,0.555555555555556,0.377777777777778,37135
"437",37,137,0.0576923076923077,0.576923076923077,0.211538461538462,0.480769230769231,0,0.634615384615385,0.673076923076923,0.5,37137
"438",37,139,0,0.5,0.142857142857143,0.392857142857143,0,0.785714285714286,0.5,0.464285714285714,37139
"439",37,141,0.144927536231884,0.528985507246377,0.202898550724638,0.355072463768116,0,0.601449275362319,0.427536231884058,0.5,37141
"440",37,143,0.0294117647058824,0.558823529411765,0.323529411764706,0.588235294117647,0,0.794117647058823,0.705882352941177,0.558823529411765,37143
"441",37,145,0,0.590909090909091,0.659090909090909,0.613636363636364,0.113636363636364,0.613636363636364,0.681818181818182,0.295454545454545,37145
"442",37,147,0.0266666666666667,0.693333333333333,0.306666666666667,0.586666666666667,0,0.786666666666667,0.84,0.653333333333333,37147
"443",37,149,0,0.28125,0.65625,0.6875,0,0.5625,0.09375,0.34375,37149
"444",37,151,0,0.481927710843373,0.710843373493976,0.734939759036145,0.0481927710843374,0.771084337349398,0.421686746987952,0.27710843373494,37151
"445",37,153,0.28169014084507,0.633802816901408,0.338028169014085,0.366197183098592,0.0140845070422535,0.394366197183099,0.380281690140845,0.183098591549296,37153
"446",37,155,0.0786516853932584,0.629213483146067,0.280898876404494,0.730337078651685,0,0.707865168539326,0.741573033707865,0.764044943820225,37155
"447",37,157,0,0.191780821917808,0.465753424657534,0.493150684931507,0,0.643835616438356,0.178082191780822,0.383561643835616,37157
"448",37,159,0,0.558139534883721,0.418604651162791,0.534883720930233,0,0.372093023255814,0.627906976744186,0.348837209302326,37159
"449",37,161,0,0.537313432835821,0.582089552238806,0.656716417910448,0,0.597014925373134,0.0895522388059701,0.373134328358209,37161
"450",37,163,0.0740740740740741,0.722222222222222,0.361111111111111,0.62037037037037,0,0.472222222222222,0.657407407407407,0.5,37163
"451",37,165,0.461538461538462,0.641025641025641,0.230769230769231,0.461538461538462,0,0.256410256410256,0.230769230769231,0.282051282051282,37165
"452",37,167,0,0.6,0.457142857142857,0.371428571428571,0.0571428571428571,0.685714285714286,0.371428571428571,0.285714285714286,37167
"453",37,169,0,0.245614035087719,0.456140350877193,0.456140350877193,0,0.719298245614035,0.0350877192982456,0.43859649122807,37169
"454",37,171,0,0.280701754385965,0.631578947368421,0.684210526315789,0,0.736842105263158,0,0.473684210526316,37171
"455",37,173,0,0.125,0.875,0.791666666666667,0.0416666666666667,0.541666666666667,0,0.416666666666667,37173
"456",37,175,0,0.0227272727272727,0.909090909090909,0.954545454545455,0,0.909090909090909,0,0.318181818181818,37175
"457",37,177,0,0.454545454545455,0.051948051948052,0.168831168831169,0,0.805194805194805,0.350649350649351,0.636363636363636,37177
"458",37,179,0,0.545454545454545,0.527272727272727,0.690909090909091,0,0.6,0.527272727272727,0.236363636363636,37179
"459",37,181,0,0.862068965517241,0.517241379310345,0.448275862068966,0.0344827586206897,0.655172413793103,0.862068965517241,0.310344827586207,37181
"460",37,183,0.0119047619047619,0.726190476190476,0.464285714285714,0.547619047619048,0.0238095238095238,0.619047619047619,0.785714285714286,0.261904761904762,37183
"461",37,185,0,0.736842105263158,0.543859649122807,0.526315789473684,0.0350877192982456,0.649122807017544,0.754385964912281,0.280701754385965,37185
"462",37,187,0,0.511627906976744,0.0697674418604651,0.209302325581395,0,0.86046511627907,0.534883720930233,0.627906976744186,37187
"463",37,189,0,0,0.464285714285714,0.75,0.285714285714286,0.821428571428571,0,0.25,37189
"464",37,191,0.0638297872340425,0.808510638297872,0.276595744680851,0.659574468085106,0,0.48936170212766,0.74468085106383,0.361702127659574,37191
"465",37,193,0,0.263157894736842,0.592105263157895,0.644736842105263,0,0.75,0,0.473684210526316,37193
"466",37,195,0.025,0.7,0.65,0.725,0,0.775,0.8,0.575,37195
"467",37,197,0,0.5,0.428571428571429,0.5,0.0714285714285714,0.642857142857143,0.178571428571429,0.428571428571429,37197
"468",37,199,0,0,0.470588235294118,0.705882352941177,0.235294117647059,0.588235294117647,0,0.235294117647059,37199
"469",45,1,0,0.862068965517241,0.517241379310345,0.655172413793103,0.0603448275862069,0.267241379310345,0.681034482758621,0.137931034482759,45001
"470",45,3,0.611731843575419,0.575418994413408,0.340782122905028,0.416201117318436,0,0.136871508379888,0.131284916201117,0.254189944134078,45003
"471",45,5,0.325581395348837,0.666666666666667,0.317829457364341,0.643410852713178,0.0155038759689922,0.162790697674419,0.449612403100775,0.27906976744186,45005
"472",45,7,0,0.74,0.49,0.79,0.03,0.22,0.47,0.25,45007
"473",45,9,0.275862068965517,0.663793103448276,0.172413793103448,0.603448275862069,0,0.318965517241379,0.655172413793103,0.560344827586207,45009
"474",45,11,0.476744186046512,0.593023255813954,0.232558139534884,0.523255813953488,0.00581395348837209,0.273255813953488,0.343023255813953,0.313953488372093,45011
"475",45,13,0.283333333333333,0.641666666666667,0.575,0.6,0,0.308333333333333,0.575,0.375,45013
"476",45,15,0.228329809725159,0.720930232558139,0.287526427061311,0.583509513742072,0,0.348837209302326,0.615221987315011,0.486257928118393,45015
"477",45,17,0.33,0.72,0.29,0.51,0,0.22,0.48,0.27,45017
"478",45,19,0.231060606060606,0.71969696969697,0.382575757575758,0.651515151515151,0.00378787878787879,0.318181818181818,0.632575757575758,0.454545454545455,45019
"479",45,21,0,0.851851851851852,0.518518518518518,0.62962962962963,0.0617283950617284,0.407407407407407,0.37037037037037,0.209876543209877,45021
"480",45,23,0,0.852348993288591,0.442953020134228,0.677852348993289,0.0134228187919463,0.348993288590604,0.664429530201342,0.134228187919463,45023
"481",45,25,0.453900709219858,0.50709219858156,0.312056737588652,0.528368794326241,0,0.322695035460993,0.322695035460993,0.26241134751773,45025
"482",45,27,0.170212765957447,0.595744680851064,0.287234042553192,0.659574468085106,0.00531914893617021,0.420212765957447,0.654255319148936,0.611702127659574,45027
"483",45,29,0.275568181818182,0.664772727272727,0.28125,0.704545454545455,0,0.397727272727273,0.659090909090909,0.502840909090909,45029
"484",45,31,0.224489795918367,0.673469387755102,0.251700680272109,0.768707482993197,0,0.326530612244898,0.578231292517007,0.36734693877551,45031
"485",45,33,0.094017094017094,0.64957264957265,0.299145299145299,0.641025641025641,0.00854700854700855,0.683760683760684,0.811965811965812,0.777777777777778,45033
"486",45,35,0.178217821782178,0.608910891089109,0.400990099009901,0.727722772277228,0,0.495049504950495,0.762376237623762,0.574257425742574,45035
"487",45,37,0.00840336134453781,0.890756302521008,0.319327731092437,0.605042016806723,0.0336134453781513,0.294117647058824,0.563025210084034,0.142857142857143,45037
"488",45,39,0.015,0.92,0.365,0.5,0.005,0.29,0.59,0.105,45039
"489",45,41,0.234042553191489,0.719148936170213,0.421276595744681,0.697872340425532,0,0.476595744680851,0.757446808510638,0.634042553191489,45041
"490",45,43,0.213375796178344,0.671974522292994,0.273885350318471,0.617834394904459,0.00318471337579618,0.544585987261146,0.627388535031847,0.595541401273885,45043
"491",45,45,0,0.4375,0.6328125,0.7421875,0,0.4453125,0.3671875,0.2890625,45045
"492",45,47,0,0.882352941176471,0.362745098039216,0.607843137254902,0.0588235294117647,0.274509803921569,0.656862745098039,0.215686274509804,45047
"493",45,49,0.282352941176471,0.458823529411765,0.294117647058824,0.652941176470588,0,0.476470588235294,0.547058823529412,0.494117647058824,45049
"494",45,51,0.166259168704156,0.643031784841076,0.26161369193154,0.557457212713936,0.00244498777506112,0.60880195599022,0.579462102689487,0.657701711491443,45051
"495",45,53,0.39247311827957,0.446236559139785,0.290322580645161,0.564516129032258,0.0161290322580645,0.344086021505376,0.526881720430108,0.419354838709677,45053
"496",45,55,0.36085626911315,0.63302752293578,0.302752293577982,0.498470948012232,0.0122324159021407,0.256880733944954,0.44954128440367,0.241590214067278,45055
"497",45,57,0.0291970802919708,0.905109489051095,0.401459854014599,0.583941605839416,0.0072992700729927,0.37956204379562,0.627737226277372,0.204379562043796,45057
"498",45,59,0,0.738562091503268,0.457516339869281,0.594771241830065,0.0457516339869281,0.294117647058824,0.699346405228758,0.163398692810458,45059
"499",45,61,0.210526315789474,0.589473684210526,0.305263157894737,0.663157894736842,0,0.336842105263158,0.536842105263158,0.347368421052632,45061
"500",45,63,0.593582887700535,0.582887700534759,0.443850267379679,0.486631016042781,0,0.181818181818182,0.20855614973262,0.262032085561497,45063
"501",45,65,0.00869565217391304,0.947826086956522,0.373913043478261,0.565217391304348,0.130434782608696,0.208695652173913,0.6,0.243478260869565,45065
"502",45,67,0.0939226519337017,0.50828729281768,0.430939226519337,0.635359116022099,0,0.596685082872928,0.707182320441989,0.596685082872928,45067
"503",45,69,0.17687074829932,0.571428571428571,0.312925170068027,0.578231292517007,0.00680272108843537,0.551020408163265,0.639455782312925,0.530612244897959,45069
"504",45,71,0.00636942675159236,0.910828025477707,0.337579617834395,0.484076433121019,0.0127388535031847,0.286624203821656,0.605095541401274,0.089171974522293,45071
"505",45,73,0,0.63448275862069,0.675862068965517,0.696551724137931,0,0.496551724137931,0.103448275862069,0.427586206896552,45073
"506",45,75,0.19140625,0.63671875,0.375,0.71875,0,0.359375,0.6796875,0.53125,45075
"507",45,77,0,0.564102564102564,0.726495726495726,0.743589743589744,0,0.358974358974359,0.153846153846154,0.358974358974359,45077
"508",45,79,0.368965517241379,0.610344827586207,0.341379310344828,0.596551724137931,0.0206896551724138,0.358620689655172,0.493103448275862,0.289655172413793,45079
"509",45,81,0.0202020202020202,0.919191919191919,0.303030303030303,0.606060606060606,0.0202020202020202,0.262626262626263,0.626262626262626,0.202020202020202,45081
"510",45,83,0,0.694029850746269,0.417910447761194,0.619402985074627,0,0.305970149253731,0.358208955223881,0.194029850746269,45083
"511",45,85,0.198019801980198,0.584158415841584,0.391089108910891,0.613861386138614,0,0.415841584158416,0.673267326732673,0.445544554455446,45085
"512",45,87,0,0.820143884892086,0.446043165467626,0.62589928057554,0.0503597122302158,0.438848920863309,0.539568345323741,0.115107913669065,45087
"513",45,89,0.133928571428571,0.675595238095238,0.389880952380952,0.675595238095238,0.00595238095238095,0.425595238095238,0.681547619047619,0.494047619047619,45089
"514",45,91,0,0.676258992805755,0.489208633093525,0.640287769784173,0.079136690647482,0.359712230215827,0.532374100719424,0.107913669064748,45091
"515",47,1,0,0.0869565217391304,0.652173913043478,0.695652173913043,0.217391304347826,0.608695652173913,0.0434782608695652,0.434782608695652,47001
"516",47,3,0,0,0.466666666666667,0.4,0.133333333333333,0,0,0.133333333333333,47003
"517",47,5,0,0.142857142857143,0.821428571428571,0.857142857142857,0.0357142857142857,0.464285714285714,0.285714285714286,0.678571428571429,47005
"518",47,7,0,0.290322580645161,0.967741935483871,0.935483870967742,0,0.580645161290323,0.032258064516129,0.516129032258065,47007
"519",47,9,0,0.333333333333333,0.714285714285714,0.80952380952381,0,0.380952380952381,0.0476190476190476,0.523809523809524,47009
"520",47,11,0,0.875,0.5,0.625,0.125,0.25,0.375,0.25,47011
"521",47,13,0,0.261904761904762,0.761904761904762,0.857142857142857,0.261904761904762,0.880952380952381,0.0476190476190476,0.571428571428571,47013
"522",47,15,0,0.0588235294117647,0.529411764705882,0.529411764705882,0.411764705882353,0.352941176470588,0.176470588235294,0.470588235294118,47015
"523",47,17,0,0.206896551724138,0.862068965517241,0.896551724137931,0.103448275862069,0.655172413793103,0.689655172413793,0.517241379310345,47017
"524",47,19,0,0,0.72,0.88,0.08,0.76,0,0.44,47019
"525",47,21,0,0.05,0.85,0.9,0.55,0.05,0.2,0.55,47021
"526",47,23,0,0.473684210526316,1,0.894736842105263,0.157894736842105,0.421052631578947,0.526315789473684,0.473684210526316,47023
"527",47,25,0,0.296296296296296,0.518518518518518,0.592592592592593,0.296296296296296,0.444444444444444,0.037037037037037,0.222222222222222,47025
"528",47,27,0,0.0769230769230769,0.769230769230769,0.846153846153846,0.846153846153846,0.384615384615385,0,0.307692307692308,47027
"529",47,29,0,0.0344827586206897,0.586206896551724,0.620689655172414,0.0689655172413793,0.551724137931034,0,0.241379310344828,47029
"530",47,31,0,0,0.904761904761905,0.904761904761905,0.19047619047619,0.80952380952381,0.238095238095238,0.523809523809524,47031
"531",47,33,0,0,1,1,0,0,0.5,0.5,47033
"532",47,35,0,0.23728813559322,0.983050847457627,0.949152542372881,0.0847457627118644,0.677966101694915,0,0.627118644067797,47035
"533",47,37,0,0.0454545454545455,0.818181818181818,0.727272727272727,0.454545454545455,0.0909090909090909,0,0.181818181818182,47037
"534",47,39,0,0.153846153846154,0.923076923076923,0.961538461538462,0.384615384615385,0.269230769230769,0.5,0.576923076923077,47039
"535",47,41,0,0,0.714285714285714,0.523809523809524,0.571428571428571,0.142857142857143,0.0952380952380952,0.285714285714286,47041
"536",47,43,0,0,0.931034482758621,0.96551724137931,0.482758620689655,0.103448275862069,0.0344827586206897,0.620689655172414,47043
"537",47,45,0,0,0.333333333333333,0.333333333333333,0.166666666666667,0.666666666666667,0.166666666666667,0.166666666666667,47045
"538",47,47,0,0.125,0.6875,0.9375,0.0625,0.125,0.6875,0.3125,47047
"539",47,49,0,0.523809523809524,0.928571428571429,0.761904761904762,0.285714285714286,0.69047619047619,0.0714285714285714,0.547619047619048,47049
"540",47,51,0,0.0294117647058824,0.941176470588235,0.941176470588235,0.352941176470588,0.176470588235294,0.0588235294117647,0.352941176470588,47051
"541",47,53,0,0,0.6,0.6,0.2,0,0.4,0,47053
"542",47,55,0,0.03125,0.53125,0.5,0.25,0.03125,0.1875,0.34375,47055
"543",47,57,0,0.227272727272727,0.772727272727273,0.772727272727273,0.181818181818182,0.318181818181818,0.0454545454545455,0.545454545454545,47057
"544",47,59,0,0.153846153846154,0.615384615384615,0.653846153846154,0.115384615384615,0.346153846153846,0.0384615384615385,0.269230769230769,47059
"545",47,61,0,0.233333333333333,0.933333333333333,0.933333333333333,0.233333333333333,0.5,0.1,0.533333333333333,47061
"546",47,63,0,0,0.75,0.75,0,0,0,0.25,47063
"547",47,65,0,0.705882352941177,0.882352941176471,0.911764705882353,0.0588235294117647,0.323529411764706,0.176470588235294,0.470588235294118,47065
"548",47,67,0,0,0.5,0.714285714285714,0.0714285714285714,0.714285714285714,0,0.5,47067
"549",47,69,0,0.275,0.775,0.95,0.075,0.4,0.425,0.4,47069
"550",47,71,0,0.574468085106383,0.787234042553192,0.893617021276596,0.127659574468085,0.297872340425532,0.553191489361702,0.468085106382979,47071
"551",47,73,0,0.15625,0.6875,0.75,0.0625,0.21875,0.0625,0.34375,47073
"552",47,75,0,0,0.846153846153846,0.769230769230769,0,0.692307692307692,0.769230769230769,0.615384615384615,47075
"553",47,77,0,0.21875,0.625,0.875,0.0625,0.5,0.6875,0.53125,47077
"554",47,79,0,0,0.608695652173913,0.826086956521739,0.130434782608696,0.434782608695652,0.652173913043478,0.565217391304348,47079
"555",47,81,0,0.0181818181818182,0.909090909090909,0.890909090909091,0.272727272727273,0.163636363636364,0.109090909090909,0.672727272727273,47081
"556",47,83,0,0,0.857142857142857,0.857142857142857,0.714285714285714,0.214285714285714,0.0714285714285714,0.714285714285714,47083
"557",47,85,0,0,0.897435897435897,0.871794871794872,0.230769230769231,0.0256410256410256,0.384615384615385,0.743589743589744,47085
"558",47,87,0,0,0.681818181818182,0.590909090909091,0.681818181818182,0.181818181818182,0,0.136363636363636,47087
"559",47,89,0,0.25,0.5,0.416666666666667,0.0833333333333333,0.166666666666667,0,0.0833333333333333,47089
"560",47,91,0,0,0.72,0.8,0.04,0.72,0,0.56,47091
"561",47,93,0,0.388888888888889,0.611111111111111,0.666666666666667,0.0555555555555556,0.5,0.111111111111111,0.222222222222222,47093
"562",47,95,0,0,0,0,0,0.666666666666667,0,0,47095
"563",47,97,0,0,0.636363636363636,0.454545454545455,0.272727272727273,0.545454545454545,0.363636363636364,0.272727272727273,47097
"564",47,99,0,0.0689655172413793,0.896551724137931,0.862068965517241,0.275862068965517,0.103448275862069,0.241379310344828,0.620689655172414,47099
"565",47,101,0,0.0869565217391304,1,0.956521739130435,0.0869565217391304,0.130434782608696,0.130434782608696,0.695652173913043,47101
"566",47,103,0,0,0.478260869565217,0.391304347826087,0.434782608695652,0.130434782608696,0.130434782608696,0.0869565217391304,47103
"567",47,105,0,0.384615384615385,0.461538461538462,0.461538461538462,0,0.0769230769230769,0,0.230769230769231,47105
"568",47,107,0,0.538461538461538,0.615384615384615,0.653846153846154,0.0384615384615385,0.346153846153846,0.269230769230769,0.269230769230769,47107
"569",47,109,0,0.538461538461538,0.82051282051282,0.871794871794872,0,0.41025641025641,0.487179487179487,0.538461538461538,47109
"570",47,111,0,0,0.555555555555556,0.666666666666667,0.777777777777778,0.333333333333333,0,0.444444444444444,47111
"571",47,113,0,0.0434782608695652,0.608695652173913,0.826086956521739,0.130434782608696,0.347826086956522,0.695652173913043,0.391304347826087,47113
"572",47,115,0,0.431818181818182,1,0.886363636363636,0.159090909090909,0.477272727272727,0.181818181818182,0.477272727272727,47115
"573",47,117,0,0,0.545454545454545,0.363636363636364,0.136363636363636,0,0,0.0454545454545455,47117
"574",47,119,0,0.0454545454545455,0.363636363636364,0.363636363636364,0.318181818181818,0,0,0.227272727272727,47119
"575",47,121,0,0.846153846153846,0.769230769230769,0.769230769230769,0.0769230769230769,0.307692307692308,0.538461538461538,0.307692307692308,47121
"576",47,123,0,0.333333333333333,0.686274509803922,0.725490196078431,0.0588235294117647,0.588235294117647,0.0588235294117647,0.352941176470588,47123
"577",47,125,0,0.0869565217391304,0.695652173913043,0.652173913043478,0.434782608695652,0,0.260869565217391,0.391304347826087,47125
"578",47,127,0,0,0.714285714285714,0.857142857142857,0.142857142857143,0.571428571428571,0,0.428571428571429,47127
"579",47,129,0,0.418181818181818,0.8,0.836363636363636,0.163636363636364,0.727272727272727,0.163636363636364,0.563636363636364,47129
"580",47,131,0,0,0.727272727272727,0.636363636363636,0.454545454545455,0.363636363636364,0.636363636363636,0.272727272727273,47131
"581",47,133,0,0.0769230769230769,0.615384615384615,0.538461538461538,0.384615384615385,0.615384615384615,0.0384615384615385,0.5,47133
"582",47,135,0,0.027027027027027,0.918918918918919,0.864864864864865,0.135135135135135,0.216216216216216,0.135135135135135,0.540540540540541,47135
"583",47,137,0,0.2,0.9,1,0.7,0.5,0,0.5,47137
"584",47,139,0,0.476190476190476,0.714285714285714,0.69047619047619,0.0476190476190476,0.571428571428571,0.0952380952380952,0.30952380952381,47139
"585",47,141,0,0.130434782608696,0.739130434782609,0.826086956521739,0.434782608695652,0.608695652173913,0.130434782608696,0.478260869565217,47141
"586",47,143,0,0.307692307692308,0.807692307692308,0.653846153846154,0.115384615384615,0.192307692307692,0.115384615384615,0.5,47143
"587",47,145,0,0.40625,0.65625,0.6875,0.0625,0.625,0.1875,0.5625,47145
"588",47,147,0,0,0.888888888888889,0.555555555555556,0.666666666666667,0.111111111111111,0.222222222222222,0.444444444444444,47147
"589",47,149,0,0,0.416666666666667,0.416666666666667,0.125,0,0,0,47149
"590",47,151,0,0.375,0.910714285714286,0.857142857142857,0.375,0.857142857142857,0.107142857142857,0.482142857142857,47151
"591",47,153,0,0.6,1,0.84,0,0.8,0.08,0.52,47153
"592",47,155,0,0.225806451612903,0.645161290322581,0.483870967741935,0.0967741935483871,0.516129032258065,0.0645161290322581,0.258064516129032,47155
"593",47,157,0,0,0.375,0.5,0.0625,0.375,0.5,0.3125,47157
"594",47,159,0,0,0.636363636363636,0.545454545454545,0.454545454545455,0,0.0909090909090909,0.0909090909090909,47159
"595",47,161,0,0,0.909090909090909,0.848484848484849,0.424242424242424,0.121212121212121,0.363636363636364,0.696969696969697,47161
"596",47,163,0,0.04,0.76,0.68,0.12,0.28,0.04,0.16,47163
"597",47,165,0,0,0.470588235294118,0.470588235294118,0.470588235294118,0.235294117647059,0.117647058823529,0.352941176470588,47165
"598",47,167,0,0,0.833333333333333,0.833333333333333,0.166666666666667,0.166666666666667,0.666666666666667,0.5,47167
"599",47,169,0,0,0.75,0.5,0.25,0,0,0,47169
"600",47,171,0,0.0588235294117647,0.705882352941177,0.588235294117647,0.235294117647059,0.823529411764706,0,0.411764705882353,47171
"601",47,173,0,0.263157894736842,0.263157894736842,0.526315789473684,0.315789473684211,0.263157894736842,0,0.263157894736842,47173
"602",47,175,0,0.166666666666667,0.875,0.958333333333333,0.291666666666667,0.583333333333333,0.0833333333333333,0.458333333333333,47175
"603",47,177,0,0.05,0.8,0.95,0.55,0.4,0.2,0.5,47177
"604",47,179,0,0.166666666666667,0.75,0.916666666666667,0.0833333333333333,0.416666666666667,0.0833333333333333,0.5,47179
"605",47,181,0,0.311475409836066,0.918032786885246,0.836065573770492,0.19672131147541,0.180327868852459,0.19672131147541,0.688524590163934,47181
"606",47,183,0,0.153846153846154,0.769230769230769,0.769230769230769,0.0769230769230769,0.461538461538462,0.692307692307692,0.461538461538462,47183
"607",47,185,0,0.125,0.708333333333333,0.708333333333333,0.416666666666667,0.5,0.125,0.333333333333333,47185
"608",47,187,0,0.0666666666666667,0.466666666666667,0.633333333333333,0.466666666666667,0.0666666666666667,0.0666666666666667,0.3,47187
"609",47,189,0,0,0.578947368421053,0.526315789473684,0.157894736842105,0,0,0,47189
